"Axis1","Axis2","Axis3"
-1.04267325105534,2.71614361437939,0.257362249437099
0.307478513658457,2.35364925375444,0.795716394412346
0.304124651950894,3.07381725720309,-1.91227168582047
0.147034798242884,1.83308150720427,-0.321513237596799
-1.67212345785859,0.940756402137434,1.73203064414522
0.254617214162713,4.64983097047906,1.54258603217312
-2.09927303990332,1.68821993926158,0.371069760392714
0.102307914156423,2.38149934893712,0.958764488178777
-0.96640238530106,0.730494374810344,0.770819695024442
-0.551825003399357,3.23061548231234,2.00193173315242
-0.0724183761378646,2.50224557257127,2.16385962933918
-3.05397029305712,0.687445696839094,0.537838787796214
3.02427830131828,3.90148916620689,1.70860677931483
-2.44430938071286,2.64203118880634,-0.82533272569192
-0.954735500791623,3.46351861632738,1.0925604632868
0.803261964107966,1.78683522004886,1.69050237530823
-1.61837287669627,2.63849714256731,1.66814537609169
-0.290264153291547,0.974976417064937,1.95947425805599
-3.8859263771884,1.97197616325087,1.49645117247905
-1.5302376805192,2.46760845107165,-0.375166882451134
-3.00532819591395,0.976457247232245,0.970413712708695
-0.194487066563914,1.41138903303429,2.46583433454138
2.18422079665409,3.42759429563839,1.04121453234829
-0.190604179476004,2.68053988236423,0.141144344693072
-1.72518960712955,2.01540974675212,3.10979747883263
1.70052286162162,3.09865498796417,0.919709391024137
-0.017835446881149,1.90906817031307,0.684363044673511
-2.92613002844552,2.11342501521793,0.391138199744194
-2.45240229380771,0.894890155048232,1.19087842943844
-0.783355851594983,2.3910910093723,1.25526960790915
-0.0691502476872073,1.88339678789281,0.953032674269935
-2.88103986526488,0.666057561774732,1.38969822614009
-1.88891865931394,1.58614001424529,-0.30442745636025
-4.12502841830848,-0.0411841530275225,-0.717410088762113
1.08368855265117,1.66851019775672,1.45053892112043
-3.46494270584801,0.933721453147128,1.09285363146661
-1.90718618898541,0.725333339932145,1.79341768760834
-1.57169895123881,1.57660881435111,-0.844272941573842
-4.36662108335592,0.168232956227445,-0.389143274391048
-2.74811750020377,0.371083828139924,1.28661131140515
-1.85552724623719,0.591032404888059,2.78762539873469
-1.90510307679418,0.341144309394489,1.3120906522597
-0.384998780675632,0.841006274187727,1.62554834198724
-2.06173693256067,0.539398203051882,0.881757649993131
-3.2537969337815,1.65004417446489,1.00753005214611
-0.878481040576221,0.217280730665188,2.13235694165014
-0.986325390940961,0.660291739434791,1.68490624201631
-2.25673649345258,3.05590428378603,1.22827035428401
-1.42276505500809,2.40909101754648,1.26532147032634
-4.73704423120326,0.472182956481471,-0.272854851409341
-2.63068621653315,0.570743570977985,-1.10304600094519
0.352162091864274,3.7410124040917,0.599886036831856
-3.25852612955562,1.70040712815262,0.71361626372793
-1.50813502536421,2.522032785537,0.104957904370622
0.0945598896873259,1.55228903549517,1.58448680163059
-0.90226600651922,2.08243683155191,0.538532636080281
-1.79873271094706,1.62905278393292,2.07486334518862
-1.97237465361456,2.14294563520438,1.06790748419734
0.461558110851178,2.43829985624404,1.87805098263373
-1.15874091260377,3.23749431363081,0.93773157083313
-1.62279418156465,2.58877929929332,-0.477808366170437
-1.00336707779238,0.434421159961274,0.337157514024193
-1.21644662667908,2.82144462073608,0.984219834764139
0.477230621166291,2.01825638309527,0.669818097697367
-0.9443171493274,2.94898291950856,0.419414359707675
-2.49765652046781,1.99499636346742,2.11908043078869
-2.58258718921079,2.26943388831746,0.954234343266438
-1.18170640310787,2.75167009161435,2.34722368641258
-2.47145996999538,1.26559902744421,1.06640740111433
0.872093032874305,1.54618268622488,-0.79401537994446
-1.26229963151571,1.45229413058499,1.48915824917734
-0.265233622405087,2.42545619572422,1.20531210956808
-2.1732129491016,1.92900807767902,0.882322692091482
-3.2598324968978,1.07478820270727,1.3251180384158
-2.36595978127109,2.04124956727539,0.688149966931176
-1.29333386817149,1.14103723438175,1.48368601525891
-3.16378506605594,1.96557739695976,2.76917446009102
1.50389881052334,1.32867409220486,-0.493100787053175
-0.972822783613029,2.052384916369,0.471109290914365
-1.17582923486016,2.81632254766319,0.99225464009038
-2.07379841805719,2.01295731022262,1.88610260113397
-4.04252837080499,0.655290198114203,2.47691193572069
-1.80828024504653,3.19143269697916,1.33683916908062
-4.56121631928625,-1.50595266084638,1.19574954505073
-1.29069540246807,3.49758105702503,0.714934650252902
-3.01762461909394,1.45521473245198,-0.255556965476807
-0.376110184444669,2.15948418390421,0.613234017538314
0.238033945735854,2.70237745701557,0.541864283748206
-1.5785453208798,-0.0420934128002631,1.56471410511296
0.847660849316036,1.58304110387807,0.611869207563669
-1.00357619719654,1.6168891103567,1.95092523673628
0.774807399006183,3.01401579307985,1.40746229260932
-0.879014044060304,0.738129718577286,1.26595584870902
0.252675523566265,2.9916523161587,-0.107814562599803
-0.178619940170594,3.22169273139632,1.08318414451549
-1.03210148125343,1.794842831504,1.38219737424601
-1.5428234278261,3.0329925313371,-0.210949690497479
-1.05783898656787,3.54719317839807,0.54753880616294
-2.21005495214904,1.55172587937664,1.43418904402
-2.20635639537309,2.25542996048711,2.29836531322742
1.30808420977693,1.81101194475502,1.17418679377729
-0.340938891831617,3.57387765914223,0.169405301278298
-1.87164865228424,2.61597789228703,-0.604322087605269
0.942082784803001,5.28185580713269,0.840957669317863
-1.18017848944598,2.20745866687971,0.208750377271875
-3.39069742038328,0.401634355342074,0.618895057963524
-1.31967319089734,4.51835566268199,1.5292291257574
-0.351260171641615,2.44006459621155,0.642797325068848
-1.87384586243658,3.61774638517541,0.391540685798579
-2.81173074133528,0.815844712943369,1.71595009915001
-1.68265742751533,2.33047432359479,0.58711672683653
-1.67056477750856,1.08712141511272,0.447004188124339
1.04461373073794,3.6447605831595,2.49049961845163
-1.35691018960362,2.89161465137533,0.36658326443849
-2.62449838067856,0.572181316808848,1.88153645218964
-1.30693862280551,0.945806881222782,0.874005716147683
-3.12592937937049,1.04927244925639,1.20802615178232
-0.795383633989798,4.34130063802307,0.901911339109281
1.71027647325137,4.60274245313196,0.904159021076304
-1.58574057362213,1.78461059221075,1.36242404402491
-1.39445371596509,2.56713370011032,-0.391592972771042
0.432046645335331,1.62348532473724,1.98100405026701
0.965253005958468,2.0887203134776,1.07412760387361
-2.438162606159,0.22344540345372,1.08299319507611
-0.0666473552356727,2.38262239103602,0.51742947789526
-1.00448864230859,2.53708731316083,0.339467395139401
-1.32383200252635,1.82322453284835,0.424795897913811
-1.25246399488041,1.02922359200426,0.595834811457109
-0.133328387533884,2.77494177744423,1.65360314211829
-3.65244768938546,1.380033686846,1.76448469330666
0.862388771927857,2.65902762294535,0.0437183708154264
3.08655465401654,4.49817185689302,-1.19792022392528
-0.113054608489382,3.61008199559205,0.736605195421818
-0.587895545782042,2.73988285576382,0.87348637919535
-1.85515256026938,2.48257146736895,-0.555329014151082
-1.8377160292672,1.18181161377579,-0.700723440969406
-4.53228901518877,0.640363863776181,1.70806516565467
-1.8192542887114,2.51401492869975,0.281707207820543
-2.84316060508146,0.577192853697474,1.57500159861305
-4.01956295019384,0.785743896126264,0.259600095516493
-2.16793624540671,1.11301602751658,1.39605024110388
0.642365318843636,3.13726153340661,2.25066275296908
-2.90717659329753,2.61438223781631,2.0819406576762
-1.06328157247495,1.80745054428954,0.308712256000693
-2.20077054148344,0.289974287591759,-0.132383628737947
0.481581516143882,2.60897873689974,0.985244611011304
-1.65540887175851,2.56527886489134,1.16210334970924
-1.95981448965164,1.61594995391159,0.190889363107517
-2.18570552697853,2.68079712893098,1.33353521756633
0.599428670117693,2.29181517196647,1.03202319694395
1.65727949207651,2.20140837660464,2.27879985181375
0.217666214469972,2.03115716867851,1.21473791418648
-1.30219824005461,1.62644453644283,0.784655850833938
-0.950962549916015,1.75559088255665,-0.200627535188486
-1.66809238876271,1.78153660266731,1.08323471186253
-3.54225219246251,1.19104760324103,0.650102321339938
-1.34158221606834,2.5552633442011,0.190120014137866
-4.15757200651321,-0.119809317449186,1.2472766638771
-3.06726590135165,0.236937710260393,0.455458095299297
-0.177676477116582,3.62355210916136,1.34708513769419
-3.40502416367716,2.46561916258741,-0.0671781334071472
-0.991076554221728,1.8523335662129,-1.47954734316065
-1.96673447362325,2.90065134741784,-0.364279871161933
-2.5782996563446,1.94735259421598,1.48739977610219
0.512630954719569,3.83826596166276,0.659597121598961
0.235392818747843,3.2511647262603,0.996549822481617
-2.38460274723937,1.37773269190277,0.506477828924987
-4.52461629940226,1.17751842419183,1.60928978996161
-1.78241827189436,2.01407850914628,0.57261112534167
-1.19017915357286,3.22794970219389,0.533480709678608
0.568111825613522,3.36857524760999,-0.0825457501700382
0.0858652503876718,2.41627032508205,-0.124025466871171
-0.436139937154821,2.37786671430406,1.54242656959985
0.826225442280142,3.70983297386858,-0.0696634980774172
3.12021455163286,3.45117336036259,1.5863343393645
0.814390056798245,3.99011182818718,-0.190644516725726
-2.55812486550501,-0.0153187881653246,0.664753644501725
-1.01648661740073,1.70143342760476,0.362844233486815
-2.66005517532998,2.00472846786074,1.24870444857006
-3.46753953529934,-0.13391291587962,0.389488099283912
-0.938408572591003,1.25634611825887,1.97540390573759
-2.2984197012796,0.738427925762011,0.907460757911585
-0.679431015543627,1.52076384922479,1.37900041607297
-1.81705879196989,3.70253495961935,0.323144401699743
-2.54437473870564,2.20029155062273,1.36789478564222
-1.43543394929902,2.06147748006167,-0.302163762155804
-0.506662304238617,1.33666581067099,1.55764493333931
-0.890442689536247,1.54020069722554,-0.140448000107071
0.673374212580101,3.03417142286833,0.473062269068987
-0.746296747593913,1.92352024484597,-0.387536776988408
-1.4040062128479,1.64243521235617,1.77695049165388
-1.3518416652545,0.0462327832093182,1.95919555727039
-1.84466911549101,2.92931538596629,0.792127870876428
0.08070780805344,2.88549398763974,0.203302057793441
-1.83806424794328,2.84947674799977,0.372651699450573
-5.10541714632133,0.526974357907357,1.70163786593859
-2.02144929711312,0.881245969707373,1.17536219206089
-1.89644345796488,1.0008492839953,0.349053299166887
-0.980302776681738,0.5829471343506,1.61834282451752
0.272989374762732,2.88634653363734,0.188158335058702
-0.777964910524268,2.70818714709708,0.533834353355973
-0.778528232872873,1.8384426492069,2.67188048230372
-1.62064197795782,0.65231550698425,1.08941933647682
0.388267987066253,2.76544866697923,0.707039744607298
2.29552418556107,3.96506518954968,0.759324142571104
-3.78781293696564,2.54848641850085,0.901657690990675
-0.665415387730585,4.0163244717822,0.788499663800372
-0.588137695185807,0.291809845702004,1.57438241105581
-1.59392360738331,3.04668175044175,0.493937520416811
-0.149714981530607,1.60415442704825,0.0544723504569721
-0.79537201802789,1.57950732148937,1.33296090109026
-1.40697682352789,1.74965565352926,0.799000653358828
1.55384645398771,3.71107380581958,0.988605485407362
-2.5860693831182,1.00116620676757,1.61165097623764
1.06085364067972,6.53369159262406,0.39901312257207
-0.413999584329902,1.94305288705102,1.57604341602861
-4.90850700662585,0.904523380529475,0.863780894322855
1.18907675342922,4.54454734350827,-0.0433333106394579
-0.521502150200492,1.38758048459325,1.70021370982535
-1.70693162514036,0.423713605220441,1.02222132875197
-2.78126314257459,2.046672691064,0.33242499557723
-3.29533827748934,0.27777796686323,1.5597616942884
-1.07487879060147,3.8364835001303,1.6018512712911
0.637439191078945,3.67810292157507,0.521400755754042
-2.09547381187875,0.836407555480123,1.2109101834395
-2.00840984680008,1.98979143081945,2.08451728995314
-3.69636989398997,-0.00562519435346248,0.933917164467446
1.78433305182106,2.49879268906375,0.0748600868318472
0.369598376778349,3.86976284961899,0.885357999044885
-1.13201713506333,0.308885208965191,1.01280532377849
-0.104004207301277,5.53430889792363,0.538915563844202
-0.570813510173883,3.39622214658674,-0.48908433647291
-5.66053626443727,-0.817528005482977,1.66539981083638
-3.24854775525356,2.59353191215402,1.2162504306952
-1.66470798826817,1.99884326493557,1.25471101566703
-3.74167115862117,0.894755193129133,1.2666992630086
-2.2216705438295,0.464922745370832,1.90286076328279
-2.99369223173443,0.345418274607191,1.44278068987941
-1.73849656428817,1.50300866298497,2.20926720496083
3.47386970842405,4.82186136706425,-0.53051974619009
-2.24855404172291,1.13594069552313,0.518775387977838
-2.36400465206425,1.65395812279662,-0.944068189579299
-1.61927561124232,2.21373002522787,1.3558903120104
0.637833721327273,2.94055463838956,1.95481024837258
0.3319235281903,1.47606682128357,1.80782866472374
-0.980305466335191,0.544029406859935,1.89790478836034
1.2254958206316,1.47947202963943,-0.724162760335927
-1.16880269664107,1.9394355522364,1.94547718932529
-2.60199507701156,0.901705901122515,1.44119014655134
-1.78489448049884,1.4444185992867,1.0563318967891
-2.18457742256544,2.46405091669914,2.45062797103237
-0.695880042764672,2.62043258471799,1.06840709673324
-2.13229687787259,1.03126339512585,1.19982343260917
-2.85082902486909,1.48329109718259,1.11728107762472
0.374470157101108,-1.72169546388904,-0.441203834828091
1.67524996387839,-0.760592995485281,1.25377510986502
0.719225205803431,-0.233631811323097,-1.57736343551539
-0.316819484949698,-2.81740023968191,-1.70834646501539
0.596301809422846,-1.03852609296245,-0.729098643328793
1.3298641139194,-1.68510039343986,-0.903537013425931
3.45352545900735,0.868320870708882,-1.5143822984184
3.97184736901976,0.21012849585002,-1.12118235433
-0.649766073490283,-3.0496020964349,-0.510759635774999
2.63118159002867,-0.49912608390243,-0.208318759051001
2.58157482847471,0.0587720519262224,0.095941769990785
2.01775362546609,-1.13930581042456,-0.969342686846284
0.906003065792017,0.379150603960254,-1.34575692429481
1.60123506757141,-1.27724943967675,-0.82646731758158
3.00028409316579,1.6128489986688,-1.55480344476003
0.995894231447099,-0.067504288329072,-0.951067145295706
-0.415906239061721,-0.98788505252952,-1.51842640813128
2.9228280036873,1.73574737093869,0.116991601579989
-2.05979697440147,-2.43392437632724,-0.0790117484463099
2.52508598711719,1.71239089402924,-1.22855498026828
2.3652028518912,1.7374532528734,-0.0328537625702468
2.60603575164055,0.438431957783753,-0.360000672859854
0.203278119613656,-1.05869772061106,-2.31340039134196
0.627496514801355,-1.31571827137015,0.0555618151001743
1.48717786253976,0.398654325260407,-0.487795308019787
1.505588081024,-1.15016190490983,-0.00571016853725487
1.4355826729412,-0.480792623585471,-0.437207654734352
-3.28927465938651,-3.19396066422774,-0.084917799224667
0.604312465321648,0.624045572028192,-1.74219260787813
1.13965606198668,-1.02883818354298,-0.337537653492745
2.8178317194408,0.0729426737799142,-2.19867453758699
-2.7370924338925,-2.51402553990806,-1.31097130031583
-1.11433397087513,-2.03551986063868,-1.88112805504466
-0.0750662144549704,0.0967380444570174,-0.197614032408135
0.9481918144992,1.35407782356951,-1.88399311372627
0.895307899720044,0.254702708612223,-0.111283287433056
2.16800622341961,-0.751732184878026,0.235127175677
3.96046098938489,1.11858652230519,-1.7198993761551
3.30087446047266,-0.497573959024059,-0.363009078885043
2.10527178263194,0.754724340400475,0.851602057141925
2.76729049007176,-0.289615384487214,-0.489483121637765
2.10984020111742,-1.39079813338077,-1.16237677134419
-0.159806974874338,-0.751910984367694,-0.572395304914747
-0.759945070906626,-0.238147796010594,0.620256339603964
1.45989151634404,-0.122790786721964,-0.752178347071878
0.925136085937059,0.365178002709115,0.751761063815868
2.41814281031693,-0.376634494761213,1.00508350756798
0.877382111168517,-1.23007994567418,-0.316332533873481
0.0303289241866758,-1.41427218627244,0.755901833115225
-0.26462681291395,-1.91212844857497,-0.0921553241449453
0.224743925014457,-1.27200205672645,-1.46415108121659
1.07305909900999,1.02304810924794,-0.850726186479603
0.992419429948258,0.454422857894844,-1.62444188428122
1.11837214468477,0.0308131675026335,-1.64139001480393
1.35340227467721,-0.498090828864066,-0.115223423917726
-1.41385678016098,-2.22927879706559,-1.1530928083902
-2.07205481259922,-0.866222452026743,-2.22006886060637
0.155531197746855,-0.755989442892672,1.16434732690972
-4.12230332817501,-2.8948105808335,-1.44577327814536
-0.245399300800902,-1.63652974124063,-2.0415994229273
-3.60440451014246,-3.25806224150854,-1.272334202846
0.00784762007438211,-1.00768269735887,-1.50634051598207
-2.0399956361016,-3.28124535010254,-0.978496941149919
2.62521894042023,2.81882358697647,-0.125413996267404
-1.63164112943851,-0.172638695109588,-0.710101868714799
-1.84290735783925,-1.47716437274317,-0.570941593508385
-1.43348458927468,-1.75986911941715,0.378572192414689
-2.09612618215592,-1.97860577082908,-0.205610579039337
0.677556305299789,-2.07698778876929,0.333967023236647
1.73350787053049,1.65080588353163,0.160163322741815
1.06149557902704,0.461834940952428,-0.846777018747829
1.67356719981339,0.65962770985943,0.569036917091736
2.60482395284048,0.884805031895798,-1.62183413621623
-1.03425575040118,-2.9853051613694,0.142076912285362
0.581700340151753,-0.459893925499272,-1.98811381657179
-1.23916638423018,-1.30622747307548,0.3879143294458
-0.714109384246096,-0.446642402644282,0.317997753150767
-0.976932413442561,-2.34805639995778,-0.285150203198974
0.31022385342056,-0.591809464946861,-1.68091782213302
0.800971954368871,1.47051347135026,-2.26992659101848
2.07866241438759,-0.582843536356411,0.917635684116652
1.1153466085217,-1.33132869369374,-0.935292154967156
1.31408857724212,-2.58928066847111,-1.96348598266049
0.620273812679344,-1.15842314579176,0.159634304784714
-2.1872309458371,0.438029652443542,-0.339049394747875
0.698306366118541,0.158307115677166,0.39319313683484
-0.00615503297559614,0.0526641024737671,-0.941015683855153
2.96676699623651,0.925928505394768,-1.26449988308818
-0.0186797489617508,-2.03741464893751,-0.470267297650931
-2.76188649057169,-1.88526057442954,-1.18363619338092
-0.616153991791529,-0.603845409185356,-1.63755702251792
1.09231298864013,-0.907941294135481,0.0192038552284448
0.655313051132512,-2.10114498891517,-0.325196409860909
1.31412557980583,0.239898977327889,-0.565849361351252
-0.126400713372442,-1.9016908163312,0.414153392284143
-2.29684648540633,-0.431706008342794,1.04417929362415
-1.9574348159394,-1.20928580828973,-2.24701519163407
-2.46074930882503,-1.87926475809426,-0.534219627760151
-0.144588466947346,0.237980351041079,-0.733089678012175
0.599764717294905,-0.848917841368888,-0.678624838322712
-0.0474279698157513,-0.748364606923249,-1.03435335711605
3.17953999211983,1.53880849945138,-0.540160353924505
2.38405454777348,1.63778601859316,0.0312889731605276
0.741166788236735,0.927222340028507,-1.44704508645843
-1.36470017068678,-1.61411057383559,0.447263899158159
-2.34098366978843,-1.12111108012967,-0.307953968605208
2.91821958819634,0.610133853737004,-0.905379271645077
0.401621275960793,-0.450027438137636,-0.227674520746031
0.346038031165654,-1.14462582155452,-0.838963998752851
-0.182609444820245,-1.97634293561346,-0.675341624697145
-0.659053110566616,-0.0844672211595572,-1.02352192750104
0.150416330024787,-1.90856407759106,-0.145319201951968
-0.00690716972343043,-0.335554498344938,-0.678935815194205
0.355160984812688,-2.76929583875785,-0.744322522192175
1.16397294832697,0.95359794049534,-0.60632538920906
0.906767686056419,-0.844362003127727,0.0168472356418787
1.57600843239627,-0.679511066490434,-0.41841795614287
0.540307265121249,-2.05787795063319,-0.914059192571668
-0.335659773715162,-1.01575667666814,-2.35882105810978
1.06303571324594,1.33697385544131,-0.0748290803999493
-1.69079332381557,-2.17279470072241,-1.45709751791304
-0.212910508573469,-0.5316364472512,0.135542921169329
-1.19568210143674,-1.93522062478614,-0.874579406330035
1.30937491142395,-0.720434945561012,-0.321069448505794
-0.638550462167968,-0.681568082863829,-1.2521706749742
-1.36410868949855,-1.81837969750877,-1.16540528983592
0.503219318519225,-2.34714683376467,-0.695207387168449
-0.224205485274586,-1.7115191586977,-0.785029772200965
2.01720644221525,-0.537887577167151,-0.145359070256426
0.530073558128906,-1.21561993083269,-1.36685523738511
-1.01276704646058,-1.08239194324018,-1.24496753752426
-1.78776621108426,-2.33608557470873,-0.386973195558366
3.08806953215151,1.14135570958704,-0.587605493494934
1.65037295737496,-1.60135846803403,-0.146339671009504
0.480679998012955,-0.0244857578604938,0.38413451399401
2.50061210209585,-2.1949874737781,0.0336779759245512
0.39840165911783,-0.472917488875587,-0.791481935947967
1.00589405484907,-0.47294100263482,-0.258012462033507
1.75305640457206,-0.121709114878198,-1.18458545537131
-0.103628873902143,-0.287405059306557,-0.755631191857958
-2.85869348764081,-2.16646630405355,0.629741383826151
0.801742144261896,-1.08350663795033,-0.770671313132654
4.04169752853482,2.23821132019386,-1.70730555097122
1.98606023354264,0.951649259147851,0.240599350408319
2.33543167032462,1.16422723766372,-1.40707720414277
3.27798637053582,1.33952620662065,0.0882405278881651
1.71345324972038,0.431892651342439,-0.699191270153485
-1.74308616264073,-0.959699112407983,-1.06119234840063
0.805068956845874,-0.784954713689677,-0.15199087775806
-1.84025498648326,-2.00959857115145,-1.10489238496402
-2.72004860448264,-1.55498804163796,-0.727788995964505
-1.19903788783574,-2.04061525258065,-0.590130386907662
0.73431284038173,-0.62217788955247,0.0509643273660198
-0.0501259163139963,-0.594997133102708,-0.498291363993862
1.44615491489026,-1.53457745539385,-0.0731603207733547
1.53057012592136,1.09177758700573,-0.64958632675695
0.736416670809505,-0.549369413173609,-1.45757562477044
0.593169438405652,-1.42424457606427,-0.577556015930639
0.654802994236327,0.0271237214823429,-1.56112562322786
-0.0754566736367791,-1.47739734003115,-1.33924785693041
1.08757936744745,-0.546704878478466,-1.64950511191333
0.671061100828654,0.787785761797398,-1.11262557614806
-1.08437100759955,-1.59826690381133,-0.833405437396731
0.826475158070205,-0.163435410239423,-1.69256074270494
0.157595516514052,-1.27079075747821,-1.41064056955072
0.111770321064748,-2.08490987366554,-1.29476106230249
2.15260750416969,-0.186671548664032,-1.80003751525093
-0.114586036527142,0.309579002226996,-0.415972671991094
2.49626105651068,0.763488854188299,0.722626670469302
1.79001173848284,-0.111211289513841,-0.191818568667251
0.16360416574794,-1.23441831633884,-1.19429257018272
1.01960223859942,-0.988755247174086,-0.175985195370313
0.683378782395562,-1.92247081882189,-1.81645832351192
-1.5114667039828,-1.77665232449709,-0.409241769349958
3.60452467607835,0.435918899927272,0.660735026302738
3.74333910752033,0.208020793900242,-1.23548664250285
-0.160059815245202,-0.954203829219583,-1.12632186693785
-0.819406615415176,-0.911551266522503,0.0635571443729664
1.06393464099137,-1.23347204347697,-0.0510527015072853
-0.0176917389893179,-0.106201737162145,-1.6425142171622
-1.47134725134485,-1.49488792301428,-2.33793742964983
-0.171311064945314,-2.22837305414976,0.500812938260519
3.61540491468732,0.874197008129575,-1.0510155902833
0.850903424444492,-1.11167775590036,0.667033468077742
0.0598697217258395,-3.22642719936097,-0.849696073752824
0.529788980855946,-0.238370071552462,-1.50765625734236
0.485173507997277,1.10466349645236,-1.49611397146885
4.91614122898158,0.706977130048898,-0.963496380467377
-1.7630466804259,-1.41772166694372,1.1979611800796
1.9927695802462,-0.776042585480478,-0.79381951603757
0.0704333969711687,-1.42307352736816,-1.00589731794823
2.47092382962512,0.0531439851685674,-0.975470570718702
0.0553021107767802,-1.12575402881379,0.860404690313195
0.16153116504314,-0.693892701778366,-2.06476801464593
0.409618267147268,-1.96103783589143,-0.461044827336849
-1.17479598159956,-2.2322488873664,-1.26053039976442
-0.763256496501597,-1.93934667657942,-1.85329155455011
-0.835308060664753,-1.9096953341077,-1.6590745374937
0.0357286385253768,0.561139648377452,-1.215494705896
-1.01307534732285,0.191818198766592,-0.942280933246344
1.7536722802691,-1.12590343738712,-1.57437802927077
-0.616961495524994,-2.2638980999037,-0.777685303153096
2.07946588870461,-0.696853782600736,-0.22539045352919
0.762752508936869,-0.763049827350824,0.459689622389492
0.00160090605509511,-0.403608605776635,0.393049238698966
0.642566583089249,-1.28764318530043,-1.2872674256676
1.25039023594287,-1.20386327572403,-0.795055601244699
1.64333720178071,0.890690141064789,-0.0344229128936129
1.52459999209139,1.25097403981564,-1.46373496883352
0.997086286688693,-2.31353261506367,-1.71741930055673
-0.607670071132661,0.54876958119245,-0.943090596464441
0.835600266307148,0.572761235626297,-1.33670559227016
0.35106876641571,-0.24354015966447,0.706624461454443
2.82912636592965,-0.24475129348791,-0.480924032990391
0.0930848004293703,-1.2718434773402,-2.94036211903799
0.895840758757475,-1.61717600776875,-2.32675274131893
-2.18664243893335,-0.725554908242445,-2.17632571677723
-1.89103693364096,-2.34575362534534,-1.15154118735877
2.25016948189527,-0.149177096746713,-1.17588267198212
0.106017130235268,-1.59355245869773,-0.646992535289014
1.20103449604609,-0.577612334835676,0.99778000969609
2.66009182499005,-0.465620547443842,-0.314070501953446
0.366176691610496,-1.66403685228392,0.0829365550437806
0.31556258350742,-2.00898600544989,-1.11965416640648
1.47880212835534,0.315321385824158,-0.116534607723812
4.01625365032699,1.49538553215956,-0.922887750331481
-1.2127832734543,-1.25515909603724,-0.249582798141464
0.0456695390968173,-0.40848742138946,-0.664556484124585
0.807941094509263,-0.0325664434444698,-0.205169452330715
0.814648521122302,0.0378811179084386,-1.45326594530952
3.87792636638079,0.492266637165133,-1.55499204943621
2.03796210138493,1.2689441776278,-1.81553221445995
-1.42196128555499,-1.42362709606568,-1.56964187364355
-1.14998541743601,-0.70546759118974,-1.70622482026755
1.75912862169819,-1.19889300302064,-0.115971148572077
-2.50608884787905,-1.84831854245334,0.218563910177988
-1.50690419746972,-2.31217471300846,-0.421563492189568
-0.885930044162773,-2.29035596418418,-0.554842955116968
1.04377111919183,-0.837011583156195,-0.390498781879087
0.872380478924231,-1.64309202365499,-0.346255411824114
0.227518789136013,-2.58988798581896,-0.0398616567638721
0.828766428628718,-2.42848886219044,-0.899046521068922
0.859373303637536,-0.793718984636076,0.0923317998726388
0.24206454068021,0.170295838833942,-1.40135659504726
1.89266119120876,1.54174039200616,-1.93984499942398
0.849034043379505,1.47543076896073,0.315895341858303
-1.59184897238917,-2.81782139209851,2.23023090378963
-0.512898586107784,-1.42374304813655,1.49898972088426
1.39941949048215,-0.678001384100462,0.532189474906216
1.46660261942683,-0.502757161220546,0.732867174231996
-0.947606153524429,-1.89482093817494,0.60046689084716
0.629443772202979,-0.164591127446296,1.45223714718576
1.78761263543054,-2.41190120003432,1.53822220813738
0.220854894796491,-1.47238013158004,1.99611315409425
0.869586227495826,-2.03910796546309,2.32346408318275
-1.30526278433449,-2.82351672118436,2.45362983583475
1.77671913744564,1.62558110094638,1.2202623773037
1.06955901783483,-0.350533682527237,1.22808553466728
2.72639526152347,-0.20973941179078,1.06178950679849
1.98399338577737,-0.20815740671789,1.46286288955616
1.35175543477318,-0.83624512882372,1.34006723547011
0.24740145496455,-0.924822429165432,2.09025061976707
0.110348017038997,-1.86315658430658,1.80294101949334
2.35424668683715,-0.572962906464729,0.535186439677621
3.2841039414606,-0.329181712225559,1.92493380004754
1.68286760610488,-0.137732094897698,1.58273809943549
2.95241474902342,0.102376954710559,1.36875792984198
3.57444779817346,-0.606964978611694,0.355708371972525
0.619764954292093,-1.96649909563184,1.43463789030916
3.40619211491327,-0.152988944797385,0.661706144917038
0.950693598583407,-1.57067679208748,1.33955141865069
-1.23022461539608,-1.73950366084163,1.91568077497973
-0.0879729064149624,-0.696381299841668,2.58285666804442
0.598803549317063,-1.04851139536352,1.17694167542574
2.84223180338448,-1.00896974473073,0.81482725599159
0.98685891069585,-2.05879699269731,1.69338952935165
0.449956295127728,-0.675726821289942,0.940041183139159
3.88847145976411,-1.9340602330116,0.455088426227652
0.243111453706775,-0.855387270105917,1.50345148910954
-0.184509325734258,0.375188913377554,3.15549497385557
-0.417873444302593,-0.442269475078793,2.15928372468161
-2.01291304869528,-3.3260091655548,1.34185585457853
1.65697126594203,0.0923476627488495,1.33457682339057
-0.330944195236562,-1.11063460508188,2.40949309107248
-0.901905251400851,-1.97822827622865,1.05229239988176
-0.485588753398304,-2.10573298628795,1.60033767880525
1.52404443025571,-0.181839743840747,1.00999731127518
1.03617671476672,-0.723266564911994,1.33375800876515
-0.596682225858338,-1.92022934019889,1.36482779014636
0.705432850810164,-1.11773548277558,0.684516537764529
2.21017648993468,0.238246850352775,0.897819055645006
1.86612513500337,-1.31298560513507,1.56103165769128
0.148464737543038,-0.710298603241651,0.368446885079506
2.71329507213134,-0.391174665984533,1.44046925118808
-2.71343341596567,-2.46903621530796,3.03424224748065
-0.787413078593144,-1.60267212218317,1.49056599505311
1.91302553185129,-0.606320586593304,0.754983044766272
0.803074675978548,-1.65944669313423,2.83953354409217
0.636573643239042,-1.21242207589062,2.26163589387612
1.5525209032103,-0.630367981716959,2.5728173634473
0.889380479151293,-0.657156366945272,0.663412329721947
2.04060455806531,-0.551171550641997,2.3582645472678
-0.554234314006435,-1.84620095907191,2.31666445746162
-1.77428084593444,-1.94746371758169,0.254378711622067
-1.75271865255199,-2.39692301312974,1.83044251448674
0.116202438150437,-0.854887742881536,2.28767898686284
-0.25723391866915,-1.93054681576741,0.14359856648469
-1.51383364207438,-4.5437170473221,0.863430218668488
3.31844851488468,-1.28710567760396,1.22954841408559
1.93781378724841,-0.544725425328342,1.91588872237966
2.38240125672204,-0.608275788013759,1.00506678664675
0.837770740274136,-1.11331523434459,-0.247732927202955
3.2035697397851,-1.16033674054006,0.238819373646724
0.41744005644003,-0.912372102225036,2.48444127439769
0.717610430933775,-1.69803867104643,0.872441139150239
-1.11329463378071,-3.28457719331137,0.393345491135289
0.515331302159355,-1.78274168451767,0.238346285942415
0.810679295570819,-2.64981601297243,0.728347266313651
0.3461077839584,-2.04351846947574,0.79435772949657
0.550101927250565,-1.10842816384138,2.21870995240123
0.813531031991026,-0.864961799298378,0.972304988305148
0.80132916550136,-1.40821815307975,-0.242086554266677
0.133998288246139,-1.27864344903566,0.92729004110963
1.51899651044499,-0.703583522194776,0.63975685479083
0.469052093016885,-1.0016507419424,0.47866267633966
3.4382943424089,-0.46829393840917,0.890875311863402
0.293105726129497,-1.43756607852721,1.63485967238946
2.77211226666677,-0.536354652015939,1.25874141102374
2.1968774692037,-0.347742491705679,2.22113274648609
-0.471707480291694,-1.55520331705765,1.09695917123028
-1.80946234616724,-1.24157335696872,2.62135990556486
1.11997237360681,0.163853995927202,1.06390465371952
-1.39750896042541,-2.23173351578839,1.12678826434023
-0.208313515271146,-2.60838659243912,0.895874881708985
2.72032733748401,0.577630904734675,2.40082669499821
0.253777968138522,-2.12407050969454,1.3411658178847
-0.0754375658072793,-2.07068901306426,1.44860214309869
2.44452055644972,0.479362771834605,0.255239196991049
1.10037033435143,-1.26393910756804,1.00262470470255
0.909796259183361,-1.6568556784339,2.60271275889444
0.43883230628748,-0.450129885777357,0.939492342571426
2.42856392846756,-1.11942091529583,0.455370795537073
1.84459503614102,-2.24550563399207,-0.788490850263437
1.13477498666232,0.161052609966562,2.29196344905682
3.4697587157728,0.897711214613355,1.74558769721697
0.570345349753454,-0.787790048413244,1.85029816533707
-0.362861862148318,-2.12875272930823,1.4490519802536
-0.76839526635794,-0.67243466978722,1.99236457476145
1.67450741057307,-0.682520750001853,2.07140958241679
-0.49406313110449,0.155574388790102,1.41059279919541
2.71248327059475,1.29396077493027,-0.271237612944765
1.34837894831871,-0.156463959766972,2.33510706210611
2.61049370819365,-0.181732580312038,0.620634111360914
2.75915371574928,0.201878557445807,1.89350924805903
2.8659790783796,-0.364216928174893,1.70729901380857
0.679761033636965,-2.09977412663653,1.11612552746082
1.4804261849484,-1.04056067874728,0.922837259939022
-0.0798407991378808,0.501058757009541,2.4532634211759
3.87486495051557,0.01494189443145,-0.214248125137624
1.73095129476327,-0.656957799564016,1.0121327821487
2.56035066474517,-0.062216594233604,2.54806365957301
0.304820395030237,-1.35243993353734,0.653483211686459
0.528911920797227,-1.19091360666752,1.76740732027927
-1.7297050886435,-3.15031038321501,1.99730581033083
0.202027067582312,0.0477283811456598,2.11518585067432
-1.22481780708237,-2.05407436652976,1.79086598916679
-0.627485762798882,-2.09393063104685,2.11617033942162
0.170427263434817,-2.28809954056593,2.1168971457022
-0.410658704669645,-1.61824788923354,1.20877607510222
1.62973092353094,0.588665846600506,1.86159521953194
-1.36051229450193,-1.57170909604162,2.03553816989263
2.03512428350348,-0.22993009766439,1.20696535748636
-0.543825446120688,-1.91476559508458,1.24326185581697
-1.22836127396238,-3.51638871858799,1.13957895684691
0.926234335090547,0.657069231677283,2.02737599793501
1.85912706280748,-0.61093579387008,0.728470490539405
1.49270880325286,0.00732461087244851,0.939360903675401
0.704449432223173,0.251453213810475,2.62488064823952
1.59876299073896,-1.27620037829493,1.20007120564856
-0.444374556357728,-2.06988830220643,1.70341698525835
1.39517561270717,0.361991836223483,1.77608973093413
0.0649622310552604,-2.95899355249895,-1.03115690985459
2.14780151787661,0.260090011447154,2.19600589653721
3.44962170481683,-0.813282238732079,1.03707227935976
-0.297618260755239,-1.22597970819642,0.327626534877658
1.03368295056835,-1.06288385617026,1.66928574742384
-1.87634907837361,-2.31277385191829,2.47739139213306
0.512274232162812,-0.797525527198644,1.26495660021084
-0.05761081407553,-3.57610730283163,0.376540145275034
0.0951354293885356,0.14956525040199,1.07243059984403
-1.27671592987554,-1.86610423952063,0.805079450537709
0.000699949488181362,-1.11812144228772,-0.458650524215974
0.787239656907354,-1.36655193896966,2.87324339387527
1.16758093118249,-0.438853955544068,1.84678694767765
1.14663885529193,-1.58756478586278,1.4486796567902
-1.76620199153937,-1.03264840630184,1.86844659681317
-0.839951454267967,-1.46019913182917,1.3546884526569
1.13170976514746,-1.10059256520183,1.34628441947081
2.52972922688964,-0.308827057931831,1.97759548373792
1.18845418346461,-0.0781254757263938,0.607246867711212
-1.77478083246354,-0.415397743017333,2.54136245908731
1.13680373193129,-1.64171159769028,1.03744485696385
0.139914996013444,-1.91532879452717,2.01945486097057
0.62973874037541,-1.80719633440532,1.39727654215721
2.33768285037853,-0.712771493414991,1.21480740165875
1.67704111184436,0.227455003615707,2.7313875408741
-1.87641576731667,-3.15073899526974,1.51455572952766
1.35971825661682,-0.588196364850675,0.919382213394246
-0.638050416880805,-2.79439082384271,1.56721504940034
1.92120883150744,-0.711570964602761,1.46127716748444
-0.87834250020948,-2.18188660525055,1.0183622109657
1.35276452215459,-1.61375725029572,1.31501733237595
0.708757846452846,-1.47134275923081,1.36000320483838
0.779286264417895,0.585991616096726,0.866356932487513
-0.231625708485111,-2.75957012808143,1.78765040173154
0.642082735528886,-0.617127846962707,2.1145090538685
3.84636173940462,0.585682813592155,0.210029172879314
0.675562396961169,0.137592344135399,1.29322235999819
1.10645433390494,-0.600630749713559,1.03466097622567
0.624528195390434,-1.4344982668099,2.27922447039668
2.02810387775409,-0.893005663647467,1.86833677653624
2.26203318648469,-0.269886016448715,1.09494099754189
0.822005374723907,-2.26065422553293,0.763536702658307
1.29838310673474,-0.89643296624496,1.17648792247185
0.915181053546845,-1.46938611045476,1.43574201249791
-0.46038545593417,0.25037037290253,1.25819922845184
1.50864737617724,-1.00502932835695,1.5884523592779
1.95002261877791,-0.841393387756734,1.30913935651599
0.380223293906078,-1.02707287119124,2.50084519033424
-0.0673552977047642,-2.22193763513595,1.66660687352999
1.0455536080174,-1.29303153789579,1.74578911340487
1.51866687341152,-0.785025899448796,0.504736363258827
0.313285769258146,-0.44861395565599,0.750101989378598
0.11591982466309,-1.1507438460894,1.84104303228642
0.234014215516137,-2.93233397535564,1.18740057329226
0.203776840413715,-1.95643260529632,2.20667865623077
4.41710725998567,0.861310546831002,1.07779476023485
-2.07151380340957,-3.06017681149514,1.89411356236605
-0.127517851718458,-1.2481815529343,1.40143039817676
1.69590225175067,0.760243713478574,1.93884801810853
2.50412100040632,0.735151942095574,-0.455584382208464
-1.19667938859747,-3.26120774703476,0.520909753681886
-1.92771581285405,-3.27042154490387,0.909151199344161
-3.27545064707813,-1.9774513261143,1.00588355665638
0.41646366039166,-2.15006560303352,1.61558396864148
2.67837556314772,0.170062613707262,2.16703494103009
0.568053623685858,-2.09053045652273,2.05112117869954
1.00083663511102,-0.841414225272805,1.58480368395946
0.568519759648137,-1.42253769910956,1.05212828551393
0.0102849512724056,-1.48478720521962,1.21276234624377
-0.98992193074871,0.0996366759780619,1.46604775180193
-0.454906554886985,-0.968569062394537,0.408787109109916
1.90493322816702,-2.79382522583019,0.38796785134072
3.16880940416511,-0.188732330674591,1.85418899355925
2.4125888917341,0.704252873123741,0.42915756910899
0.993117280939669,-0.401655878615033,3.16044475574816
1.81093147408059,0.500184092114629,0.936956824124828
2.50000390939688,1.14151171110463,1.03216011218598
2.74994725454331,0.324599649067887,1.17978785570928
1.68956441804833,-1.40945336037966,-0.135644338477709
0.615052905806421,0.268343506395294,2.01320837415792
3.30418747190307,0.582228247091754,1.02683887190507
-2.02556217734915,-1.90066365769015,1.28056878845718
-0.00446534694527992,-1.05889643946365,1.3251754859073
1.33999492077297,-0.3936404365618,0.865059483020602
-1.39647209559195,-0.0579734075654342,2.36102998450046
0.439868917122799,-1.56449148488933,0.937128899726113
0.080993202974912,-1.57604301695792,1.6131204944394
-1.08653330964525,-1.86739620846064,1.07343461757509
0.536793682181176,-1.08780858268399,2.04252995305974
0.506242146966755,-0.41201428984697,1.95923254845584
0.102458751854612,-2.46425003244285,1.35484829695236
1.67748838712928,-0.34666677809593,1.6091001405494
-0.812081965106337,-1.23407859113324,2.90747091932412
1.01581759601928,-1.29355836464513,0.396061840160074
2.48359360359192,0.27578970595322,1.57867433559508
0.287592220986315,-1.9666454650155,1.53912333193306
-0.430256728995439,-2.25668975023547,1.27252075630662
-0.443296722187041,-1.7500808095187,1.81558167664548
2.31884166772966,0.234682620073187,2.29667330573382
0.324006087246442,-2.43309446519821,0.325219400859917
-0.268890549161105,-0.0170850979997356,1.52738264540444
-0.895082376124526,-1.59646080367834,2.31466393394208
-0.650282926443072,-2.48891794437195,2.88969063313557
0.841150739387512,-1.5864231591732,0.222255440603262
-0.308407223835432,-2.33465000311895,2.731622938278
1.43125509942579,-0.980137961786354,0.392138608270777
0.135787055535407,-0.894754840377016,1.55361580806494
0.651003120487215,-0.303927068913623,1.64697538844503
2.3761918851471,-0.807978736422033,-0.121203798796993
2.65841692308834,0.171375984590014,0.308129379203076
1.42655612831377,-0.262234590823456,2.74021890841999
-0.495739927526167,-0.610631869259683,-1.62750868333784
-2.10674251011173,-2.42290148161972,-1.71499107768954
-2.35001772383553,1.23310665195999,-1.4705434982522
-1.35602872492433,1.80930415240069,-2.49744159240329
-0.605515818189466,0.251282291695833,-0.736355299258494
-0.431675884136569,-0.948092616267276,-1.38930754090816
-2.59767908429654,-2.61040625363295,-2.29745405692027
-3.25401291371385,-0.486951435009668,-2.83711587510789
-0.313004363415779,1.06176284461645,-2.12541228321653
-1.36640975717578,-0.917439248450142,-2.88498039136513
1.78681869199923,2.69113570645544,-1.32866866261115
-0.242705105847509,1.10733524096305,-1.41319388304139
1.30719997993977,0.193981618182754,-2.34005796207111
0.30814157734084,-0.493875720630502,-1.51259246039566
0.553661267636612,-0.219479279882299,-1.72983051202748
-0.622652935727009,-0.846232511548053,-1.92214070648445
-0.815527821992187,0.255038219448648,-3.17840246021599
1.38251233966287,-0.385535832221773,-1.95283445841389
-0.272928406037827,0.729342535417186,-1.70730121053925
-0.454053332378793,-1.16837794625465,-2.87583397341605
1.62247878321517,0.581796970718337,-2.91524072445601
-0.885870975683582,-0.747485267407157,-2.81247736849948
-0.572379628532458,-0.677566598289439,-1.44732390498875
-0.305902544637757,0.0597329972617511,-0.51115051634818
-2.45516519887495,-1.70351372243169,-1.06161604056232
-0.851212062258726,2.25156293902156,-1.3034580236226
-1.83210981773437,-0.873474555960402,-1.08030784615362
2.71814094138191,1.04096437983049,-1.38565224301021
1.34643103218174,-0.464295998753501,-1.24565545870587
0.0347943584788746,1.01229395961243,-1.10412845341153
2.54155870929027,2.21148622553217,-1.04595312150179
0.980152543112958,-0.669359233245235,-0.634930031953294
-2.73465743331614,-1.42581721751586,-2.967380198537
0.0671747160963472,-1.02424047478912,-3.17110801816286
-1.7084668457369,1.71624306259902,-1.53822061100375
-1.31647525490467,-0.34996374740767,-0.580295993249741
1.73748746896352,0.761743996609336,-2.3643208104088
-0.860541201380935,-0.285303921107984,-1.70728107750096
-0.683899125032566,-0.885142959542919,-0.566638554635151
-0.429977165421929,1.76153539609438,-2.76961044132537
0.961788040787086,1.14458039997129,-2.12985679435437
4.11119706662892,2.20257776402212,-3.12934870825043
-2.17316219159154,-0.902580023295837,-1.10957526986646
-0.814726645917668,0.227371059532005,-1.95321991972919
0.414248464571834,-1.2832963871731,-1.39004409079799
1.06356373207685,0.880356324809108,-2.46656999788523
-0.709727808750977,1.72108445324231,-2.55432174109532
1.1998123035417,0.407060265668191,-1.10143000688917
1.2440363008301,0.52545510127348,-1.83937567015208
0.625222821865268,0.206025877645679,-3.22926887278435
-1.44585598460334,2.78935442762836,-1.38564335933727
0.410718594315593,1.35263037061804,-1.66413690103876
-5.01983765058443,-0.503333827933504,-2.59487379781621
2.05120331190697,0.143610571436064,-0.851564765739984
-0.825201467336354,0.490664739532448,-0.976983954040701
0.197005846686218,0.445933301381868,-2.09363494778235
-5.24639112287598,-5.34974999610195,-2.54376759894452
-0.69756361235979,-1.21113170444564,-1.50913134399914
0.411011266087205,0.3710996480743,-2.27105397586506
-0.848632047614065,0.129884609071133,-2.18082757160495
0.534594506469799,-0.690476233584888,-2.0472184538778
-1.4066519253898,1.05386940421619,-2.63359765973879
0.0516638765410538,0.79921592716529,-2.42187767002277
-0.883702486685067,-0.211764331856938,-0.610124032094359
0.682595022603507,-0.7777892535838,-2.02706111123507
1.36305053372936,0.654143417243887,-2.03833145813221
0.72076054757532,1.23906639574467,-2.08698921485997
-0.711913875063958,1.08918038705483,-3.42153327833338
-0.326211083516235,1.37497726957625,-1.9254698750028
0.652627974730068,0.99094087921294,-2.52375011555081
-0.0626651410675737,-2.39073538835059,-0.886901713168121
-0.242729649539212,-1.0463842488691,-2.35755334880698
0.436426041432323,-0.372627607540897,-3.16767278411204
-1.74890859834273,1.24393306072438,-2.44162439558916
-0.497646502172062,0.955025082609505,-0.0269822308841234
0.909603898116168,-0.129966286126664,-0.786390846251959
-1.77685330938538,2.53901368591575,-1.56752087508659
0.733936294736749,1.49466050691189,-2.76038294415112
0.652660504846561,-2.45507968689998,-2.94908770206256
1.30749308390158,2.22181609930078,-1.92662895359255
-1.19698924066381,0.255651752807646,-1.68344100916374
1.34100527391857,0.235471101643271,-0.879809710661956
-1.87112877789199,-0.068596259704703,-2.31549453786406
-2.81017349278683,2.33145515533411,-1.79297508094592
-1.2574979549264,-1.33582640611518,-0.976319359084195
0.346376178640103,0.500985241327867,-2.21256577542114
1.34121944128366,-2.52138748580395,-1.51380821846051
-2.33070252996554,0.92327101932548,-1.91778646970629
-1.68600990959977,0.7522751548538,-2.31952456977289
-0.243538490817521,0.0821866230338765,-2.07525855839933
-0.360065569269734,-0.0864711190321304,-2.68187264233684
-0.689086525738352,0.336595389237404,-1.46985896774919
-1.11390957202542,-1.2939201234131,-1.18779474179303
1.50603069237139,0.3047729183098,-2.48091274613672
-0.772975964099695,0.425491075610191,-1.8110152090917
0.67281278826472,-0.343360642868339,-2.64009566581393
-1.11535767117023,-0.49473438302939,-1.93318855597638
-0.154101684893806,-0.693302143916399,-0.898695591751209
-0.537939147569081,0.231882392227259,-1.46958623348572
-1.88104473173047,-0.713607421102107,-1.72967546516839
1.34099809979999,-0.218990991484081,-1.38879824056456
0.872033787888082,1.26296362201094,-0.778252555606993
-0.722418617192639,-0.686362449366097,-0.747628474023061
-2.01504893712272,-1.5621520671813,-0.719269501536261
-1.90875488040336,-1.04122049297333,-2.14240209200011
0.0317720432907232,-0.836277099338207,-1.86097505884673
-1.34509906406698,1.23969979959388,-1.70018260649196
-1.47483232043946,1.07976382163889,-2.25846259640261
-2.22763376360488,-1.09895163651765,-3.45251757786617
-0.339114642195239,1.06948509756383,-2.46022998181535
-1.87176317925043,0.314194215534375,-2.10876489586782
-0.375804412007646,1.48309194219606,-1.75259520861639
-2.17128975775294,0.673645008505649,-3.17151062029373
1.71323054350328,3.033835753434,-1.97566098037095
-0.716669498229078,0.359417871862255,-1.08727860346418
-2.8012853650666,-0.492323128129286,-1.26918487179877
-1.49298568420678,1.18040191375937,-0.627531060993274
-1.64465034370177,-1.10598024894033,-1.00848504320911
0.498027240963324,-0.695406904613199,-2.01220983706747
-1.00243487829777,1.41293809404028,-1.17959462799362
1.65920707227611,0.739907159872478,-1.61948610264461
-3.85926389224407,-1.48149291256758,-1.94917153344897
-0.772485634412221,1.69162137964784,-1.10920708741528
-1.11201993248366,-0.0548038198208171,-1.98905009606157
0.0985589161798388,0.929641727123345,-1.30019503122984
-3.25963371165589,0.264022871161331,-3.15937839156762
0.121262968280356,0.100131518154056,-2.00318910733021
-2.73319384899891,1.19169048666907,-1.19607107058594
2.30778295291715,-0.029954544461725,-0.330104802665284
-0.178147386315022,1.11289212459182,-0.850898414326835
-1.85454152520996,-0.303500795178194,-0.931957512184076
-0.510746764616939,-0.579130166579752,-1.97245862882162
-2.8748277115842,1.72341054592835,-2.58630321698273
0.491103935482747,-1.24295235623812,-3.44149641926223
0.811131958514079,-0.0669462597754954,-2.07539225305853
1.87501092842837,-0.080011005338796,-1.67292890277874
-0.733494810486129,-0.331850893886255,-0.631309831324348
0.150837077732445,1.82111876674122,-2.46822205439301
-2.91364219946099,0.0562889456076916,-3.2960910969054
-3.38469297267462,-1.38296922533677,-2.81135917740172
0.198225740586187,-1.27508692642338,-1.25866475501496
-2.07333827546139,0.0172747470154403,-1.94404390174658
-2.25371336002726,-0.0658547645358959,-1.20907512360787
-1.34724224296864,1.15882557985759,-1.93844238908171
-1.85010979125438,-0.962801482975264,-1.76446707944941
-3.42874529176652,0.560566251939628,-1.85493000681601
2.18004559044057,1.9730301854611,-3.90181860933884
2.99082790270453,1.50763829532588,-1.32298043158733
-1.11914843736709,0.231315208811404,-1.302772531435
-2.43013122098383,-0.429940784158806,-2.2232993427541
1.90344832126276,2.18018826941752,-1.25708440107194
-0.497649488464349,1.04395128576139,-1.30451840805995
-2.23170864843553,-0.401689307777468,-1.88453455945912
-0.925945936852122,0.137847495304389,-0.383508290567573
-2.94433275305364,1.32623733064522,-2.09015041082989
-0.681936418995646,1.71201972399129,-1.54081261439132
-0.622120734991995,0.374937160630123,-0.65643604708223
2.79652462520747,-0.263126990916988,-2.34181122610096
-2.40458164650141,0.591090684892015,-2.28159832262508
-1.79280144664574,-1.21782311474261,-2.22802154976572
-0.749354873610601,-0.410989470912367,-2.74342780598533
1.9139179663717,1.40413109552083,-2.18087955514447
0.182613343877203,0.0856818606960805,-1.16709907289323
-0.485992349329768,-0.824061999875421,-2.38199323834182
-0.545130074981634,-1.14725111169623,-1.76154560527285
-0.519456830089418,-0.101653232911274,-1.11761005654483
0.352987845270415,0.440206348513057,-3.24444477639254
0.93921910186216,-1.73024274036379,-2.65409074457323
0.38917620652969,1.91340762545919,-3.17946486140999
-2.07478759369819,-0.170062397951565,-1.69394198692391
-2.45161470366792,-1.16150430882681,-2.52465795852048
-1.57228693081996,0.233911453355913,-2.26028789105948
1.41997409204644,1.46704482220418,-1.82307461853204
-2.03126172755938,-0.478344700462044,-1.10785841234738
-1.58429541428673,0.734607394708418,-2.20568625153013
-1.25574028710658,-1.19919101769737,-1.47465844864096
-1.0190859099358,-0.743456973048563,-1.80817066676172
-1.74471959798476,-0.614669956399993,-1.55662177343518
-0.15131329388188,1.26402321685145,-1.45054339805204
0.888535986268124,0.448572419231943,-2.30527739149514
1.52980393142073,2.58539838296903,-0.542051238842589
-2.35839845113259,-1.25555163104514,-2.29603225303611
-0.984383507594592,0.288278293026794,-1.88211080985207
-1.00985121215582,0.454708274392638,-1.54743659943947
-1.77445101815711,1.80331113194048,-0.98910220578082
-1.73933394134269,-0.471724526338441,-2.3551612004578
1.17250240356398,2.0736680550105,-1.6849707568068
-0.614854351239129,0.0145517156837049,-1.73380952606386
1.30721942866462,-0.97328243658025,-1.90593383734145
0.858293887076009,0.321073513295885,-1.82576394519443
-0.473436804463054,0.811301179320583,-2.01444829194679
-2.0239192273877,0.238802512001883,-1.66823296436004
0.262284073918895,-1.41076565076788,-2.4042190128399
0.156889364617665,0.843578452622932,-1.23931949355749
1.88081933738661,-1.23530425899826,-0.793763502895035
-1.34437298017232,1.95297808956763,-2.22614414949779
-0.0309694097593886,1.18822805188485,-1.55606816149878
-2.08432819410968,0.294881642803653,-1.44806858280839
1.88883876429915,0.209924823985327,-1.55150289686849
1.7992576553635,1.00763716064166,-1.48788373316814
0.0639204434156433,0.240728456864199,-2.08491408460197
-1.79002515752015,-1.20223878127731,-1.95673374364722
-1.55081532687249,-0.260403104668128,-1.24118993902778
-2.33572274495248,2.1980297966606,-1.98104919338298
0.475706387076046,-0.421275686791527,-0.711213802559618
-0.900031599233084,0.545310695273095,-2.00192735224013
-0.604012024519585,0.857397200193956,-1.82943289919744
-0.699621204733268,-0.367858385922858,-1.67265958761427
0.0280225252575916,1.98797845267274,-2.55645342237343
1.37825299177807,-0.368483400902564,-1.26344956485814
-1.19274780625136,1.43159750575471,-2.0071412175372
-0.36294452396702,-0.412737000904481,-2.13241603580604
3.11410962246739,0.170252902585169,-2.80199247988596
-0.00133849684376974,2.88472071430377,-1.44587248267992
0.397970684049238,2.37883884707264,-1.2126256141491
-1.50637938553533,1.1631288235222,-1.37952292344576
-2.91090952036427,-1.12062747309587,-1.17076211214997
1.20368198765979,-0.293871065530675,-0.693288151120498
-2.03076118404447,0.511820364554608,-2.32176375019953
4.23607150444954,1.83268957888211,-2.918455259669
-0.977385136846625,-1.64334880010319,-1.72435253910899
0.408197971354304,-0.990358548128884,-1.0069783392181
-0.180010649999126,-0.595863930184683,-1.87413006686446
-1.73217073488951,-1.06659156673179,-2.07799722582869
-2.44535845853798,-1.00933499612584,-0.57687372897687
1.30173905026981,2.220022869779,-1.85024777059675
-2.4850649523767,0.961350950810104,-2.38940747288921
0.988574653481543,0.631996680862422,-2.33641815685832
0.917608239950919,-1.44105405452147,-1.11385342758249
-0.582641515450263,-0.0249992495333497,-2.38272125577973
0.512036925390089,0.160021121647661,-0.70015626943202
0.352943735841198,-0.106718680959391,-2.5706280614238
1.68092611098206,2.19425308860063,-1.96857254283071
-2.76423425926448,-0.914298370190145,-2.25326732587324
-0.892743953338198,-0.772099361541459,-1.18045933326651
-1.05462031678888,0.125582894434926,-2.3940925053534
-1.51258555270597,-2.2345302615597,-1.72577455550021
-0.735466300452989,-0.880160622600755,-2.0998255186738
0.806363020756772,0.875451871064329,-0.715795516880232
-3.45270487606076,0.358184189341613,-1.42966485026922
2.00648593419388,0.547443878191738,-2.8042549181248
0.876179059549897,1.61747876222928,-1.68699118251475
-1.77222539815452,-1.39540832754418,-2.40198188915951
0.581377919588621,-0.0577019643653141,-0.579129931672784
-4.67388491221747,0.336851269286939,-1.54610725494588
-0.414367910832869,2.34958903752868,0.967414785108461
-0.345664015230313,0.398051847704387,-0.195734587159121
0.53632631557052,0.939482322169894,-1.16225378195522
0.257028794822076,0.169830504846737,1.71147436022479
0.0478807689042827,-4.61773445947708,0.637193656800731
3.0289380216462,2.00329519002925,-2.2551131395196
0.586869315623273,1.33481608341438,0.264765089870011
0.930862158505122,1.27178173103466,-1.07138733299883
1.29924773563559,-1.23318319695405,1.09794496108639
-0.410208550521512,-1.67872120380032,-1.16449079371435
0.199373551589047,-1.20256013655303,-0.382931995738075
2.67879405008084,0.725808301835945,0.34306149447436
-1.68359508346564,-1.81923041544788,0.07984917451926
-1.95385333521255,-0.726787947093258,-0.273782934718186
1.68626480412862,0.408486044094366,-0.778245281199225
1.62612816126783,0.3584895816088,1.5529250424302
-3.22511120375984,-1.54519305634124,0.181719163741006
2.16932872407668,0.0297755295293214,-0.199956681128098
-1.40503935142795,-2.51475247208649,0.566405642506951
1.3157029547635,-2.20862613188564,-2.09302198815262
-2.47817958354034,-0.547462470295825,-1.6515952773784
-1.01621088211831,-4.37499105520023,-1.23273009902238
-0.0833144489261104,-0.488339637811455,-0.452462688992707
1.66887221537932,-1.25944565781054,-0.926757453944096
1.82741191503266,0.55913321777645,0.812889283028019
-1.56616512011859,-3.600565286447,3.04856548584396
-2.07761929876122,0.94703510582401,-0.327976919192275
2.80610981163399,-1.07312717329342,-0.464258566777847
0.848743849545095,-1.76379482267664,0.747171283617314
-0.535947730854159,-1.00647139587467,-1.90634777455815
-3.81272711050206,-1.02210222853723,1.39530291695281
0.61756316794187,0.780854110807405,-1.10821701264055
1.79465057053543,-0.448319487598889,-0.471036422059623
1.49200826764814,-1.88857886339241,1.19966666950557
-0.948745231333578,-3.51990762754892,-1.98954209658101
-0.021263122131907,-3.42946989248633,-0.290377122479308
4.64517018025676,-4.55151189423357,-2.77192171909719
6.11981703090701,1.87150575897554,0.740429194456759
-0.170291088053394,-1.95275578923479,1.46164327811828
-0.885667296962168,-0.949953158872868,-0.00887351196106282
2.0810651110209,0.0293557072481372,0.160392623397723
-0.413201819782823,-1.38086801959852,1.79040721086139
-0.322648322016853,0.662943769770244,2.74116682645884
3.97555914448875,1.99909087948719,-0.29735681066014
-2.54179304119681,1.36504322439015,1.11054187592331
3.90792058153665,-0.473649952283912,1.92317336024471
0.00802589643415144,1.45319228032039,-0.411096452494964
1.03237464957528,-2.14728523802973,0.15839470221745
0.701575249697324,-0.0756642363159318,-0.0767009730116341
0.218694466601444,0.0797132516673461,-2.44841012960525
-2.13110754612591,0.853601283235053,-0.146856493965866
1.98349580241342,1.10673878324914,0.953881480231089
-0.102763923449321,-4.26907580884597,1.5577347284533
2.03779047187629,0.556136384295505,3.24695531649377
-1.39458112305141,2.22417622535545,-2.03695523782878
-1.52916524748062,1.60877905526706,-1.11136155623964
-1.40680225124873,-0.934556578301983,0.615208940699824
-0.979976003820785,-2.79452281682325,-0.19006119274032
0.189508737717368,-0.898924300050683,2.95756519794734
1.45508052526185,-2.9956261996787,-0.0365199130705224
3.5959276948538,0.470914631732623,0.412184917585275
1.37141575657713,0.174464950796763,0.815478635725812
2.05141700011361,0.14853424627775,-0.684298298203272
3.20100711161738,0.530739897875259,0.549639299884196
-0.130722030137083,1.13794920323656,-0.209587451441547
-2.69556087542781,0.905502574011668,-0.601794009707551
0.209040124179503,-2.43041486172936,0.53504172927375
-0.533270014850384,-4.77057037468875,-1.12734755262439
-0.818908743123629,-0.282795739628669,-0.844880843008863
0.0229940030403341,-0.691957290678018,0.228328104108052
1.4776409129368,-1.9295034957542,0.219553005429759
0.45168560886556,-0.0178721764006387,1.85910098102451
3.68257108570785,0.446159630943494,1.61532653634084
-0.31196502992376,0.1582731584736,2.04178928172564
0.598852484119843,1.46894205550507,1.83852351167235
0.371625375173083,1.23143705245341,-0.240927518370284
0.0785915803254689,0.470316496237986,-0.240819330614839
-0.27208203320765,-1.08878571467065,-2.15703706604045
-0.338887560481127,-1.76516099251418,0.782584833293121
0.501766412031119,1.122996088164,0.442428794220869
0.441478264878879,1.11161436058249,-0.45985000560911
1.06182022437301,-0.64687779457601,-0.221271072074705
0.244665437265985,-1.45488241181194,0.952532058972978
4.55226280544136,1.2650544001539,0.137695078290567
2.02787274415231,-1.21432779893049,0.55796935807717
1.29220981582983,1.56807324614298,-2.67946580799103
3.12279952252443,0.0368488293347007,0.258331102367457
0.0532593523600617,-0.472912995277436,0.540681348395056
2.63937711596899,-0.533329048027368,0.714830735149732
-0.198201705937702,-0.369733571698263,0.262841662203486
0.891809267722285,-2.87512876206653,0.0944608029335161
-1.25146365034859,-0.424181316041465,1.16254935795387
-2.59504988303778,-2.49618914984115,-0.866901685062445
0.624383422343075,-0.076503598352819,-0.0921398213567363
-0.973750659099446,-1.14423133498445,-0.64966306879755
-0.444563102691069,-0.593426411630756,2.18923843427952
2.3103295748738,-0.482012892222311,0.52046391704036
1.49060127753906,-1.18417096376313,-0.698482880089999
3.10214795909559,2.66702675483681,-4.06871899750956
1.20572524167203,-0.435149760313993,-0.521531015149551
-2.32376241006933,0.889589720585413,0.931075446442253
4.38553508467413,0.94264682790023,-3.21251779683737
2.28230157777182,0.408022824783436,-0.707247137207436
0.933890835822276,-2.53332900980239,-0.294115858593775
-0.843837701563317,-3.28124473897125,1.01432330037723
-0.635675027148451,0.490407342038477,0.307754825879815
1.4693516087771,-0.0959051656268199,0.975673924053958
-0.251306721926333,0.278354844270199,-0.460362682675715
0.993010911412017,-4.76454727205308,2.97244768591959
2.93568578500473,-2.37753610470378,1.54818257551281
0.035248683190054,2.05821841348771,-1.23735389246027
3.11104739217492,-3.53002852319557,1.74443238269654
-0.922364020487847,-0.652186968052406,1.28665143629049
-0.50426121609388,-2.39071446143465,0.823720799613654
2.5319328100051,1.36867095882468,0.489701351844523
2.87868311604179,-0.245971274940072,0.692860946503697
0.0384178145478345,-0.0718309951788661,-0.0316868202544026
-0.924697028265918,1.48795295589623,-0.95942697992667
1.2359429269119,-0.146675479432376,3.95596414095787
-1.33551580850428,-0.187208026711062,-1.42156943588919
1.58213403684019,-2.23447191164599,-1.62703170621432
1.98583069186663,0.890653233214997,-1.05014819146589
0.252059385568917,-0.623563497672942,-0.0108900095144675
-0.112553006872416,-1.38280062855973,2.36598502531825
0.686935312179238,-1.06159826692693,1.25625080767384
1.02218711319001,0.608713133785521,-2.85113243972335
0.235355852293058,1.17644139004905,1.03889843426087
1.67387137762596,-0.697152105689186,-0.721436617054615
-1.67477300788054,-2.7513145721725,1.46823075909132
2.04646427823782,1.47360538818157,2.58425937569259
-0.126985034370336,-1.80488656029424,2.03066214559183
2.12143214191814,0.194502272081006,0.0824236944710099
-1.56010268230388,-0.177434944642641,0.434974735151732
0.360287209676004,1.23736908075678,-1.57065870677725
0.355166406017084,0.0166546203623138,0.869718377207961
0.618288044516665,-1.66958455651537,1.94585709643803
2.58191284211487,-0.177221549273285,-0.101769875604231
-0.388198048241089,3.62782970138814,-3.12259401623125
-2.98664271369392,-0.441513971616918,2.38304223452484
-1.67899682378054,-2.92594773120367,-0.375230416452347
-0.569682251812307,-1.06568704962356,-1.78476881978814
-1.9352679535417,-1.91066119955199,2.56500503391995
1.31668925076145,1.06437492271725,-1.9936901637418
-1.55129313871958,2.9136692308603,0.323618244495071
2.18930995790726,-2.37030126325649,-0.327836367376807
-0.658949559223309,0.0695499207560245,0.696917909383911
-0.159721497857038,-1.12814826064459,-0.522779889394952
0.0192830969323228,0.587002056331635,2.99252010514167
-0.987923550265525,-0.379271768184516,-0.299559400032957
-0.656438229064569,-2.47340805741096,4.57930845000004
0.282593658605401,-1.3520703975002,1.42950045855088
-0.450921852146497,-0.406737342001104,-0.638775159907573
-1.32357762031372,-3.08504913066942,0.970026792296876
2.73946531725929,-0.767407772530375,-2.17655036959148
0.731983728104007,-2.65065195465487,-1.1112637505628
-0.289261477187186,-0.577958536268256,0.590356628522224
0.614262723180554,0.826612028643439,0.822768308776174
-0.346603193261821,-2.24155133083187,-2.30960350867247
1.45276848152398,-1.35782628980488,-0.650539058043627
0.887255284997798,-0.453190565902522,1.86185730166696
0.90257819245125,1.72136664482437,-0.46852238392135
2.28870056899656,0.468678312070054,1.50451445772879
-0.523034589804928,0.909491179689321,2.68267369907587
-0.621095526449089,2.04420434771216,-0.695540254085133
1.87987903369792,0.123679434382539,1.59889767430357
0.0519050407208267,-0.683343294206436,-0.398591600215979
-1.38630597449357,-0.806729887332062,0.207380955082016
-1.0569630993531,0.165408645426244,3.56058623639189
0.782769846990191,-0.484516793103042,-2.40227828588077
-0.889515422617606,0.409527010343346,-0.0703123899632654
2.09607699454298,1.33446061198501,0.440269893837473
1.47429074306122,-0.783731325223459,-0.680573305464183
-1.0941419861638,0.751591151761002,-0.349865788814679
-0.675080480629213,-3.29279559606839,3.71425423613155
-0.93934036739872,0.79717848528874,-1.14316483292046
-1.56272601497647,-1.56272580657114,0.03018731010849
1.24177515534968,0.542490114190919,1.03390643932622
-0.374981053781521,-0.294478809617225,2.3689190953424
-2.28530620141006,-1.53746505777938,2.02528484372072
1.86678684403492,1.47396182804304,-1.12480532377059
-0.423435076117045,-0.589690380198539,-0.124536688618749
1.57744763188047,-4.0677825539193,1.10270794897928
-0.402531139771456,0.364500660935939,2.57858753990335
-2.49510275384502,0.310695525833547,-2.30811583980594
0.636948642983339,-3.5122523516731,0.32067549451207
1.5278144262016,-1.2917380705525,-1.59663016792018
-0.72799926562155,0.650168726079746,2.58884376669201
-2.64757436648083,-1.47583886468182,0.497777644287137
1.57828796664728,1.98879284115815,0.178865244241085
4.80975082869682,3.22927121924028,0.232669151070865
0.87557730152303,-4.35565702403454,-0.00618473114301528
-4.09506245915829,-0.104833662658904,-0.704915558028737
3.50030824344212,-0.714317291340316,1.38707649766143
0.0162608715273557,-0.301926573163692,-0.839946018093018
1.72632191535699,-0.984171110119005,0.11709963701792
2.83906456295964,-0.816304680808775,1.23482525398909
-2.34447945281637,1.46565394120686,1.25777014939879
3.69240668270436,1.56825621785136,0.306499703147522
0.745478215697269,0.289984984639477,-0.195012999200537
-1.19161312303668,-2.36316399145523,1.27513559946326
1.99179652867529,-1.44844775139254,1.96092853744583
1.10932160318814,-1.08583312993917,0.200927668731571
1.00269722837872,0.818734669414394,1.70286748323927
0.469595919795205,-0.469840232208067,1.23039959582883
2.16070766866744,0.225815916417789,0.371683197409758
-0.698264880272389,-2.08648814224885,-1.02924634311507
0.224445596969022,3.68367479929824,-0.080391136723543
1.18162640612929,-0.870502639099088,-0.90562449037662
0.0342609368708017,-0.154906357023918,-0.518118082385845
0.132061697931912,-0.367326918367351,1.32093114704789
1.73536245441955,-0.186910889769022,2.08325237583686
-2.00196468431905,-3.55254593447693,3.14637340352276
2.21968637187497,-2.37506417009785,-1.23993181240805
2.59422862823254,0.211769424811413,1.60862178675039
1.97377377181779,-1.83101774294051,-0.164809167866295
-0.825177547315283,-1.77757326177307,-1.99021133903466
-0.518416961621259,0.271786202198589,0.716220105359925
0.642862786240275,-0.245529815186579,0.413388747848576
0.861149248489081,-1.66311025349982,-2.04440660059161
0.332150804333192,1.30484458185646,1.10701649176823
-0.671834650867787,0.821996814521205,3.03917882135629
1.68206244324552,-0.0989354612176039,1.35590881785924
3.0602394512779,-2.38652767403129,0.573709123808302
-1.22156018482852,-0.319368725256485,-1.08151367517062
-2.3847574650367,-0.552927057503831,-1.28746636535653
1.85979713226032,-1.70644225342731,-0.933835053777288
3.19988192445832,-3.4226994233336,-0.307787648711301
1.14431638400515,-1.27402610576501,-2.26857435032715
0.722795328212107,0.271850487322221,-2.06297172091568
1.27299421233971,-0.876271682354449,-2.69867283346159
-0.187421925363656,-1.4887682010846,1.00565664023306
3.18151979111355,-0.229456188359527,2.70403087324465
2.33612780803026,1.87849499431901,-2.40075309028903
0.443391691132688,-1.98218796210051,0.2413531429535
